YEAR,MAKE,MODEL
2010,Audi,A3
2010,Audi,A4
2010,Audi,A5
2010,Audi,A6
2010,Audi,A8
2010,Audi,Q5
2010,Audi,Q7
2010,Audi,R8
2010,Audi,S4
2010,Audi,S5
2010,Audi,S6
2010,Audi,TT
2010,Audi,TTS
2011,Audi,A3
2011,Audi,A4
2011,Audi,A5
2011,Audi,A6
2011,Audi,A8
2011,Audi,Q5
2011,Audi,Q7
2011,Audi,R8
2011,Audi,S4
2011,Audi,S5
2011,Audi,S6
2011,Audi,TT
2011,Audi,TTS
2012,Audi,A3
2012,Audi,A4
2012,Audi,A5
2012,Audi,A6
2012,Audi,A7
2012,Audi,A8
2012,Audi,Q5
2012,Audi,Q7
2012,Audi,R8
2012,Audi,S4
2012,Audi,S5
2012,Audi,TT
2012,Audi,TT RS
2012,Audi,TTS
2013,Audi,A3
2013,Audi,A4
2013,Audi,A5
2013,Audi,A6
2013,Audi,A7
2013,Audi,A8
2013,Audi,Q5
2013,Audi,Q7
2013,Audi,RS 5
2013,Audi,S4
2013,Audi,S5
2013,Audi,S6
2013,Audi,S7
2013,Audi,S8
2013,Audi,TT
2013,Audi,TT RS
2013,Audi,TTS
2013,Audi,allroad
2014,Audi,A4
2014,Audi,A5
2014,Audi,A6
2014,Audi,A7
2014,Audi,A8
2014,Audi,Q5
2014,Audi,Q7
2014,Audi,R8
2014,Audi,RS 5
2014,Audi,RS7
2014,Audi,S4
2014,Audi,S5
2014,Audi,S6
2014,Audi,S7
2014,Audi,S8
2014,Audi,SQ5
2014,Audi,TT
2014,Audi,TTS
2014,Audi,allroad
2015,Audi,A3 Cabriolet
2015,Audi,A3 Sedan
2015,Audi,A3 Sedan; S3
2015,Audi,A4
2015,Audi,A5
2015,Audi,A5 Cabriolet
2015,Audi,A6
2015,Audi,A7
2015,Audi,A8
2015,Audi,Q3
2015,Audi,Q5
2015,Audi,Q7
2015,Audi,R8
2015,Audi,RS 5
2015,Audi,RS 5 Cabriolet
2015,Audi,RS 7
2015,Audi,S3
2015,Audi,S4
2015,Audi,S5
2015,Audi,S5 Cabriolet
2016,Audi,A3 Cabriolet
2016,Audi,A3 Sedan
2016,Audi,A3 Sportback e-tron?
2016,Audi,A4
2016,Audi,A5 Cabriolet
2016,Audi,A5 Coupe
2016,Audi,A6
2016,Audi,A7
2016,Audi,A8
2016,Audi,Q3
2016,Audi,Q5
2016,Audi,RS 7
2016,Audi,S3
2016,Audi,S4
2016,Audi,S5 Cabriolet
2016,Audi,S5 Coupe
2016,Audi,S6
2016,Audi,S7
2016,Audi,S8
2016,Audi,SQ5
2017,Audi,A3 Cabriolet
2017,Audi,A3 Sedan
2017,Audi,A3 Sportback e-tron?
2017,Audi,A4
2017,Audi,A5 Cabriolet
2017,Audi,A5 Coupe
2017,Audi,A6
2017,Audi,A7
2017,Audi,A8
2017,Audi,Q3
2017,Audi,Q5
2017,Audi,Q7
2017,Audi,R8
2017,Audi,RS 3
2017,Audi,RS 7
2017,Audi,S3
2017,Audi,S5 Cabriolet
2017,Audi,S5 Coupe
2017,Audi,S6
2017,Audi,S7
2018,Audi,A3 Cabriolet
2018,Audi,A3 Sedan
2018,Audi,A3 Sportback e-tron?
2018,Audi,A4
2018,Audi,A5 Cabriolet
2018,Audi,A5 Coupe
2018,Audi,A5 Sportback
2018,Audi,A6
2018,Audi,A7
2018,Audi,A8
2018,Audi,Q3
2018,Audi,Q5
2018,Audi,Q7
2018,Audi,R8
2018,Audi,RS 3
2018,Audi,RS 5
2018,Audi,RS 7
2018,Audi,S3
2018,Audi,S4
2018,Audi,S5 Cabriolet
2019,Audi,A3 Cabriolet
2019,Audi,A3 Sedan
2019,Audi,A4
2019,Audi,A5 Cabriolet
2019,Audi,A5 Coupe
2019,Audi,A5 Sportback
2019,Audi,A6
2019,Audi,A7
2019,Audi,A8
2019,Audi,Q3
2019,Audi,Q5
2019,Audi,Q7
2019,Audi,Q8
2019,Audi,RS 3
2019,Audi,RS 5 Coupe
2019,Audi,RS 5 Sportback
2019,Audi,S3
2019,Audi,S4
2019,Audi,S5 Cabriolet
2019,Audi,S5 Coupe
2020,Audi,A3 Sedan
2020,Audi,A4
2020,Audi,A5 Cabriolet
2020,Audi,A5 Coupe
2020,Audi,A5 Sportback
2020,Audi,A6
2020,Audi,A6 Allroad
2020,Audi,A7
2020,Audi,A8
2020,Audi,Q3
2020,Audi,Q5
2020,Audi,Q7
2020,Audi,Q8
2020,Audi,R8
2020,Audi,RS 3
2020,Audi,S3
2020,Audi,S4
2020,Audi,S5 Cabriolet
2020,Audi,S5 Coupe
2020,Audi,S5 Sportback
2010,BMW,1 Series
2010,BMW,3 Series
2010,BMW,5 Series
2010,BMW,6 Series
2010,BMW,7 Series
2010,BMW,X3
2010,BMW,X5
2010,BMW,X6
2010,BMW,Z4
2012,BMW,1 Series
2012,BMW,3 Series
2012,BMW,5 Series
2012,BMW,6 Series
2012,BMW,7 Series
2012,BMW,X3
2012,BMW,X5
2012,BMW,X6
2012,BMW,Z4
2014,BMW,2 Series
2014,BMW,3 Series
2014,BMW,4 Series
2014,BMW,5 Series
2014,BMW,6 Series
2014,BMW,7 Series
2014,BMW,X1
2014,BMW,X3
2014,BMW,X5
2014,BMW,X6
2014,BMW,Z4
2014,BMW,i3
2014,BMW,i8
2016,BMW,2 Series
2016,BMW,3 Series
2016,BMW,4 Series
2016,BMW,5 Series
2016,BMW,6 Series
2016,BMW,7 Series
2016,BMW,M2 Coupe
2016,BMW,M3 Sedan
2016,BMW,M4 Convertible
2016,BMW,M4 Coupe
2016,BMW,M5 Sedan
2016,BMW,M6 Convertible
2016,BMW,M6 Coupe
2016,BMW,M6 Gran Coupe
2016,BMW,X1
2016,BMW,X3
2016,BMW,X4
2016,BMW,X5
2016,BMW,X5 M
2016,BMW,X6
2017,BMW,2 Series
2017,BMW,3 Series
2017,BMW,4 Series
2017,BMW,5 Series
2017,BMW,6 Series Convertible
2017,BMW,6 Series Coupe
2017,BMW,6 Series Gran Coupe
2017,BMW,6 Series Gran Coupe; ALPINA B6 Gran Coupe
2017,BMW,7 Series
2017,BMW,M2 Coupe
2017,BMW,M3 Sedan
2017,BMW,M4 Convertible
2017,BMW,M4 Coupe
2017,BMW,M6 Convertible
2017,BMW,M6 Coupe
2017,BMW,M6 Gran Coupe
2017,BMW,X1
2017,BMW,X3
2017,BMW,X4
2017,BMW,X5
2018,BMW,2 Series
2018,BMW,3 Series
2018,BMW,4 Series
2018,BMW,5 Series
2018,BMW,6 Series Convertible
2018,BMW,6 Series Gran Coupe
2018,BMW,6 Series Gran Coupe; ALPINA B6 Gran Coupe
2018,BMW,6 Series Gran Turismo
2018,BMW,7 Series
2018,BMW,M2 Coupe
2018,BMW,M3 Sedan
2018,BMW,M4 Convertible
2018,BMW,M4 Coupe
2018,BMW,M5
2018,BMW,M6 Convertible
2018,BMW,M6 Gran Coupe
2018,BMW,X1
2018,BMW,X2
2018,BMW,X3
2018,BMW,X4
2019,BMW,2 Series
2019,BMW,3 Series
2019,BMW,4 Series
2019,BMW,5 Series
2019,BMW,6 Series Gran Coupe
2019,BMW,6 Series Gran Turismo
2019,BMW,7 Series
2019,BMW,8 Series
2019,BMW,ALPINA B6 Gran Coupe
2019,BMW,M2 Coupe
2019,BMW,M4 Convertible
2019,BMW,M4 Coupe
2019,BMW,M5
2019,BMW,M6 Gran Coupe
2019,BMW,X1
2019,BMW,X2
2019,BMW,X2 M
2019,BMW,X3
2019,BMW,X4
2019,BMW,X5
2020,BMW,2 Series
2020,BMW,3 Series
2020,BMW,4 Series
2020,BMW,5 Series
2020,BMW,7 Series
2020,BMW,8 Series
2020,BMW,M2 Coupe
2020,BMW,M4 Convertible
2020,BMW,M4 Coupe
2020,BMW,M5
2020,BMW,M8 Convertible
2020,BMW,M8 Coupe
2020,BMW,X1
2020,BMW,X2
2020,BMW,X2 M
2020,BMW,X3
2020,BMW,X3 M
2020,BMW,X4
2020,BMW,X4 M
2020,BMW,X5
2010,Buick,Enclave
2010,Buick,LaCrosse
2010,Buick,Lucerne
2011,Buick,Enclave
2011,Buick,LaCrosse
2011,Buick,Lucerne
2011,Buick,Regal
2012,Buick,Enclave
2012,Buick,LaCrosse
2012,Buick,Regal
2012,Buick,Verano
2013,Buick,Enclave
2013,Buick,Encore
2013,Buick,LaCrosse
2013,Buick,Regal
2013,Buick,Verano
2014,Buick,Enclave
2014,Buick,Encore
2014,Buick,LaCrosse
2014,Buick,Regal
2014,Buick,Verano
2015,Buick,Enclave
2015,Buick,Encore
2015,Buick,LaCrosse
2015,Buick,Regal
2015,Buick,Verano
2017,Buick,Cascada
2017,Buick,Enclave
2017,Buick,Encore
2017,Buick,Envision
2017,Buick,LaCrosse
2017,Buick,Regal
2017,Buick,Verano
2018,Buick,Cascada
2018,Buick,Enclave
2018,Buick,Encore
2018,Buick,Envision
2018,Buick,LaCrosse
2018,Buick,Regal Sportback
2018,Buick,Regal TourX
2019,Buick,Cascada
2019,Buick,Enclave
2019,Buick,Encore
2019,Buick,Envision
2019,Buick,LaCrosse
2019,Buick,Regal Sportback
2019,Buick,Regal TourX
2020,Buick,Enclave
2020,Buick,Encore
2020,Buick,Encore GX
2020,Buick,Envision
2020,Buick,Regal Sportback
2020,Buick,Regal TourX
2010,Cadillac,CTS
2010,Cadillac,DTS
2010,Cadillac,Escalade
2010,Cadillac,Escalade ESV
2010,Cadillac,Escalade EXT
2010,Cadillac,SRX
2010,Cadillac,STS
2011,Cadillac,CTS
2011,Cadillac,DTS
2011,Cadillac,Escalade
2011,Cadillac,Escalade ESV
2011,Cadillac,Escalade EXT
2011,Cadillac,SRX
2011,Cadillac,STS
2014,Cadillac,ATS
2014,Cadillac,CTS Coupe
2014,Cadillac,CTS Sedan
2014,Cadillac,CTS Sport Wagon
2014,Cadillac,CTS-V Coupe
2014,Cadillac,CTS-V Sport Sedan
2014,Cadillac,CTS-V Sport Wagon
2014,Cadillac,ELR
2014,Cadillac,Escalade
2014,Cadillac,Escalade ESV
2014,Cadillac,SRX
2014,Cadillac,XTS
2015,Cadillac,ATS
2015,Cadillac,ATS Coupe
2015,Cadillac,CTS Sedan
2015,Cadillac,CTS-V Coupe
2015,Cadillac,Escalade
2015,Cadillac,Escalade ESV
2015,Cadillac,SRX
2015,Cadillac,XTS
2017,Cadillac,ATS Coupe
2017,Cadillac,ATS Sedan
2017,Cadillac,ATS-V Coupe
2017,Cadillac,ATS-V Sedan
2017,Cadillac,CT6
2017,Cadillac,CTS Sedan
2017,Cadillac,CTS-V Sedan
2017,Cadillac,Escalade
2017,Cadillac,Escalade ESV
2017,Cadillac,XT5
2017,Cadillac,XTS
2019,Cadillac,ATS Coupe
2019,Cadillac,ATS-V Coupe
2019,Cadillac,CT6
2019,Cadillac,CTS Sedan
2019,Cadillac,CTS-V Sedan
2019,Cadillac,Escalade
2019,Cadillac,Escalade ESV
2019,Cadillac,XT4
2019,Cadillac,XT5
2019,Cadillac,XTS
2020,Cadillac,CT4
2020,Cadillac,CT5
2020,Cadillac,CT6
2020,Cadillac,Escalade
2020,Cadillac,Escalade ESV
2020,Cadillac,XT4
2020,Cadillac,XT5
2020,Cadillac,XT6
2010,Chevrolet,Avalanche
2010,Chevrolet,Aveo
2010,Chevrolet,Aveo5
2010,Chevrolet,Camaro
2010,Chevrolet,Cobalt
2010,Chevrolet,Colorado
2010,Chevrolet,Corvette
2010,Chevrolet,Equinox
2010,Chevrolet,Express
2010,Chevrolet,Express Cargo
2010,Chevrolet,HHR
2010,Chevrolet,Impala
2010,Chevrolet,Malibu
2010,Chevrolet,Silverado 1500
2010,Chevrolet,Silverado 2500HD
2010,Chevrolet,Silverado 3500
2010,Chevrolet,Silverado 3500 Chassis Cab
2010,Chevrolet,Suburban
2010,Chevrolet,Tahoe
2010,Chevrolet,Traverse
2011,Chevrolet,Avalanche
2011,Chevrolet,Aveo
2011,Chevrolet,Aveo5
2011,Chevrolet,Camaro
2011,Chevrolet,Colorado
2011,Chevrolet,Corvette
2011,Chevrolet,Cruze
2011,Chevrolet,Equinox
2011,Chevrolet,Express
2011,Chevrolet,Express Cargo
2011,Chevrolet,HHR
2011,Chevrolet,Impala
2011,Chevrolet,Malibu
2011,Chevrolet,Silverado 1500
2011,Chevrolet,Silverado 2500HD
2011,Chevrolet,Silverado 2500HD; Silverado 3500
2011,Chevrolet,Silverado 3500
2011,Chevrolet,Silverado 3500 Chassis Cab
2011,Chevrolet,Suburban
2011,Chevrolet,Tahoe
2012,Chevrolet,Avalanche
2012,Chevrolet,Camaro
2012,Chevrolet,Captiva Sport
2012,Chevrolet,Colorado
2012,Chevrolet,Corvette
2012,Chevrolet,Cruze
2012,Chevrolet,Equinox
2012,Chevrolet,Express
2012,Chevrolet,Express Cargo
2012,Chevrolet,Impala
2012,Chevrolet,Malibu
2012,Chevrolet,Silverado 1500
2012,Chevrolet,Silverado 2500HD
2012,Chevrolet,Silverado 3500
2012,Chevrolet,Silverado 3500 Chassis Cab
2012,Chevrolet,Sonic
2012,Chevrolet,Suburban
2012,Chevrolet,Tahoe
2012,Chevrolet,Traverse
2012,Chevrolet,Volt
2013,Chevrolet,Avalanche
2013,Chevrolet,Camaro
2013,Chevrolet,Captiva Sport
2013,Chevrolet,Corvette
2013,Chevrolet,Cruze
2013,Chevrolet,Equinox
2013,Chevrolet,Express
2013,Chevrolet,Express Cargo
2013,Chevrolet,Impala
2013,Chevrolet,Malibu
2013,Chevrolet,Silverado 1500
2013,Chevrolet,Silverado 2500HD
2013,Chevrolet,Silverado 3500
2013,Chevrolet,Silverado 3500 Chassis Cab
2013,Chevrolet,Sonic
2013,Chevrolet,Spark
2013,Chevrolet,Suburban
2013,Chevrolet,Tahoe
2013,Chevrolet,Traverse
2013,Chevrolet,Volt
2014,Chevrolet,Camaro
2014,Chevrolet,Captiva Sport
2014,Chevrolet,Corvette
2014,Chevrolet,Cruze
2014,Chevrolet,Equinox
2014,Chevrolet,Express
2014,Chevrolet,Express Cargo
2014,Chevrolet,Express Cutaway
2014,Chevrolet,Impala
2014,Chevrolet,Malibu
2014,Chevrolet,SS
2014,Chevrolet,Silverado 1500
2014,Chevrolet,Silverado 2500HD
2014,Chevrolet,Silverado 3500
2014,Chevrolet,Silverado 3500 Chassis Cab
2014,Chevrolet,Sonic
2014,Chevrolet,Spark
2014,Chevrolet,Suburban
2014,Chevrolet,Tahoe
2014,Chevrolet,Traverse
2015,Chevrolet,Camaro
2015,Chevrolet,Captiva Sport
2015,Chevrolet,City Express
2015,Chevrolet,Colorado
2015,Chevrolet,Corvette
2015,Chevrolet,Cruze
2015,Chevrolet,Equinox
2015,Chevrolet,Express Cargo
2015,Chevrolet,Express Cutaway
2015,Chevrolet,Express Passenger
2015,Chevrolet,Impala
2015,Chevrolet,Malibu
2015,Chevrolet,SS
2015,Chevrolet,Silverado 1500
2015,Chevrolet,Silverado 2500HD
2015,Chevrolet,Silverado 3500
2015,Chevrolet,Silverado 3500 Chassis Cab
2015,Chevrolet,Silverado 3500HD
2015,Chevrolet,Sonic
2015,Chevrolet,Spark
2016,Chevrolet,Camaro
2016,Chevrolet,City Express
2016,Chevrolet,Colorado
2016,Chevrolet,Corvette
2016,Chevrolet,Cruze
2016,Chevrolet,Cruze Limited
2016,Chevrolet,Equinox
2016,Chevrolet,Express Cargo
2016,Chevrolet,Express Cutaway
2016,Chevrolet,Express Passenger
2016,Chevrolet,Impala
2016,Chevrolet,Impala Limited
2016,Chevrolet,Low Cab Forward
2016,Chevrolet,Malibu
2016,Chevrolet,Malibu Limited
2016,Chevrolet,SS
2016,Chevrolet,Silverado 1500
2016,Chevrolet,Silverado 2500HD
2016,Chevrolet,Silverado 3500 Chassis Cab
2016,Chevrolet,Silverado 3500HD
2018,Chevrolet,Bolt EV
2018,Chevrolet,Camaro
2018,Chevrolet,City Express
2018,Chevrolet,Colorado
2018,Chevrolet,Corvette
2018,Chevrolet,Cruze
2018,Chevrolet,Equinox
2018,Chevrolet,Express Cargo
2018,Chevrolet,Express Cutaway
2018,Chevrolet,Express Passenger
2018,Chevrolet,Impala
2018,Chevrolet,Low Cab Forward
2018,Chevrolet,Malibu
2018,Chevrolet,Silverado 1500
2018,Chevrolet,Silverado 2500HD
2018,Chevrolet,Silverado 3500 Chassis Cab
2018,Chevrolet,Silverado 3500HD
2018,Chevrolet,Sonic
2018,Chevrolet,Spark
2018,Chevrolet,Suburban
2019,Chevrolet,Blazer
2019,Chevrolet,Bolt EV
2019,Chevrolet,Camaro
2019,Chevrolet,Colorado
2019,Chevrolet,Corvette
2019,Chevrolet,Cruze
2019,Chevrolet,Equinox
2019,Chevrolet,Express Cargo
2019,Chevrolet,Express Cutaway
2019,Chevrolet,Express Passenger
2019,Chevrolet,Impala
2019,Chevrolet,Low Cab Forward
2019,Chevrolet,Malibu
2019,Chevrolet,Silverado 1500
2019,Chevrolet,Silverado 1500 LD
2019,Chevrolet,Silverado 2500HD
2019,Chevrolet,Silverado 3500 Chassis Cab
2019,Chevrolet,Silverado 3500HD
2019,Chevrolet,Silverado 4500 Medium Duty Chassis Cab
2019,Chevrolet,Sonic
2020,Chevrolet,Blazer
2020,Chevrolet,Bolt EV
2020,Chevrolet,Camaro
2020,Chevrolet,Colorado
2020,Chevrolet,Corvette
2020,Chevrolet,Equinox
2020,Chevrolet,Express Cargo
2020,Chevrolet,Express Cutaway
2020,Chevrolet,Express Passenger
2020,Chevrolet,Impala
2020,Chevrolet,Low Cab Forward
2020,Chevrolet,Malibu
2020,Chevrolet,Silverado 1500
2020,Chevrolet,Silverado 2500HD
2020,Chevrolet,Silverado 3500 Chassis Cab; Silverado 3500HD
2020,Chevrolet,Silverado 3500HD
2020,Chevrolet,Silverado 4500 Medium Duty Chassis Cab
2020,Chevrolet,Sonic
2020,Chevrolet,Spark
2020,Chevrolet,Suburban
2011,Chrysler,200
2011,Chrysler,300
2011,Chrysler,Town & Country
2013,Chrysler,200
2013,Chrysler,300
2013,Chrysler,Town & Country
2014,Chrysler,200
2014,Chrysler,300
2014,Chrysler,Town & Country
2017,Chrysler,200
2017,Chrysler,300
2017,Chrysler,Pacifica
2017,Chrysler,Pacifica Hybrid
2018,Chrysler,300
2018,Chrysler,Pacifica
2018,Chrysler,Pacifica Hybrid
2019,Chrysler,300
2019,Chrysler,Pacifica
2019,Chrysler,Pacifica Hybrid
2010,Dodge,Avenger
2010,Dodge,Caliber
2010,Dodge,Challenger
2010,Dodge,Charger
2010,Dodge,Grand Caravan
2010,Dodge,Journey
2010,Dodge,Nitro
2010,Dodge,Viper
2011,Dodge,Avenger
2011,Dodge,Caliber
2011,Dodge,Challenger
2011,Dodge,Charger
2011,Dodge,Durango
2011,Dodge,Grand Caravan
2011,Dodge,Journey
2011,Dodge,Nitro
2012,Dodge,Avenger
2012,Dodge,Caliber
2012,Dodge,Challenger
2012,Dodge,Charger
2012,Dodge,Durango
2012,Dodge,Grand Caravan
2012,Dodge,Journey
2013,Dodge,Avenger
2013,Dodge,Challenger
2013,Dodge,Charger
2013,Dodge,Dart
2013,Dodge,Durango
2013,Dodge,Grand Caravan
2013,Dodge,Journey
2014,Dodge,Avenger
2014,Dodge,Challenger
2014,Dodge,Charger
2014,Dodge,Dart
2014,Dodge,Durango
2014,Dodge,Grand Caravan
2014,Dodge,Journey
2016,Dodge,Challenger
2016,Dodge,Charger
2016,Dodge,Dart
2016,Dodge,Durango
2016,Dodge,Grand Caravan
2016,Dodge,Journey
2016,Dodge,Viper
2017,Dodge,Challenger
2017,Dodge,Charger
2017,Dodge,Durango
2017,Dodge,Grand Caravan
2017,Dodge,Journey
2017,Dodge,Viper
2018,Dodge,Challenger
2018,Dodge,Charger
2018,Dodge,Durango
2018,Dodge,Grand Caravan
2018,Dodge,Journey
2019,Dodge,Challenger
2019,Dodge,Charger
2019,Dodge,Durango
2019,Dodge,Grand Caravan
2019,Dodge,Journey
2020,Dodge,Challenger
2020,Dodge,Charger
2020,Dodge,Durango
2020,Dodge,Grand Caravan
2020,Dodge,Journey
2013,Fiat,500
2013,Fiat,500e
2016,Fiat,500
2016,Fiat,500L
2016,Fiat,500X
2016,Fiat,500c
2016,Fiat,500e
2017,Fiat,124 Spider
2017,Fiat,500
2017,Fiat,500L
2017,Fiat,500X
2017,Fiat,500c
2017,Fiat,500e
2018,Fiat,124 Spider
2018,Fiat,500
2018,Fiat,500L
2018,Fiat,500X
2018,Fiat,500c
2018,Fiat,500e
2020,Fiat,124 Spider
2020,Fiat,500L
2020,Fiat,500X
2010,Ford,Crown Victoria
2010,Ford,E-Series Econoline Van
2010,Ford,E-Series Econoline Wagon
2010,Ford,Edge
2010,Ford,Escape
2010,Ford,Expedition
2010,Ford,Explorer
2010,Ford,Explorer Sport Trac
2010,Ford,F-150
2010,Ford,F-250 Super Duty
2010,Ford,F-350 Super Duty
2010,Ford,F-350 Super Duty Chassis Cab
2010,Ford,F-450 Super Duty
2010,Ford,F-450 Super Duty Chassis Cab
2010,Ford,Flex
2010,Ford,Focus
2010,Ford,Fusion
2010,Ford,Mustang
2010,Ford,Ranger
2010,Ford,Taurus
2011,Ford,Crown Victoria
2011,Ford,E-Series Econoline Van
2011,Ford,E-Series Econoline Wagon
2011,Ford,Edge
2011,Ford,Escape
2011,Ford,Expedition
2011,Ford,Explorer
2011,Ford,F-150
2011,Ford,F-250 Super Duty
2011,Ford,F-350 Super Duty
2011,Ford,F-350 Super Duty Chassis Cab
2011,Ford,F-450 Super Duty
2011,Ford,F-450 Super Duty Chassis Cab
2011,Ford,Fiesta
2011,Ford,Flex
2011,Ford,Focus
2011,Ford,Fusion
2011,Ford,Mustang
2011,Ford,Ranger
2011,Ford,Taurus
2012,Ford,E-Series Econoline Van
2012,Ford,E-Series Econoline Wagon
2012,Ford,Edge
2012,Ford,Escape
2012,Ford,Expedition
2012,Ford,Explorer
2012,Ford,F-150
2012,Ford,F-250 Super Duty
2012,Ford,F-350 Super Duty
2012,Ford,F-350 Super Duty Chassis Cab
2012,Ford,F-450 Super Duty
2012,Ford,F-450 Super Duty Chassis Cab
2012,Ford,Fiesta
2012,Ford,Flex
2012,Ford,Focus
2012,Ford,Fusion
2012,Ford,Mustang
2012,Ford,Taurus
2012,Ford,Transit Connect
2013,Ford,C-Max
2013,Ford,E-Series Econoline Van
2013,Ford,E-Series Econoline Wagon
2013,Ford,Edge
2013,Ford,Escape
2013,Ford,Expedition
2013,Ford,Explorer
2013,Ford,F-150
2013,Ford,F-250 Super Duty
2013,Ford,F-350 Super Duty
2013,Ford,F-350 Super Duty Chassis Cab
2013,Ford,F-450 Super Duty
2013,Ford,F-450 Super Duty Chassis Cab
2013,Ford,Fiesta
2013,Ford,Flex
2013,Ford,Focus
2013,Ford,Fusion
2013,Ford,Fusion Energi
2013,Ford,Mustang
2013,Ford,Taurus
2014,Ford,C-Max
2014,Ford,E-Series Cutaway
2014,Ford,E-Series Econoline Van
2014,Ford,E-Series Econoline Wagon
2014,Ford,Edge
2014,Ford,Escape
2014,Ford,Expedition
2014,Ford,Explorer
2014,Ford,F-150
2014,Ford,F-250 Super Duty
2014,Ford,F-350 Super Duty
2014,Ford,F-350 Super Duty Chassis Cab
2014,Ford,F-450 Super Duty
2014,Ford,F-450 Super Duty Chassis Cab
2014,Ford,Fiesta
2014,Ford,Flex
2014,Ford,Focus
2014,Ford,Fusion
2014,Ford,Fusion Energi
2014,Ford,Mustang
2015,Ford,C-Max
2015,Ford,E-Series Cutaway
2015,Ford,Edge
2015,Ford,Escape
2015,Ford,Expedition
2015,Ford,Explorer
2015,Ford,F-150
2015,Ford,F-250 Super Duty
2015,Ford,F-350 Super Duty
2015,Ford,F-350 Super Duty Chassis Cab
2015,Ford,F-450 Super Duty
2015,Ford,F-450 Super Duty Chassis Cab
2015,Ford,Fiesta
2015,Ford,Flex
2015,Ford,Focus
2015,Ford,Fusion
2015,Ford,Fusion Energi
2015,Ford,Mustang
2015,Ford,Taurus
2015,Ford,Transit
2016,Ford,C-Max
2016,Ford,E-Series Cutaway
2016,Ford,Edge
2016,Ford,Escape
2016,Ford,Expedition
2016,Ford,Explorer
2016,Ford,F-150
2016,Ford,F-250 Super Duty
2016,Ford,F-350 Super Duty
2016,Ford,F-350 Super Duty Chassis Cab
2016,Ford,F-450 Super Duty
2016,Ford,F-450 Super Duty Chassis Cab
2016,Ford,Fiesta
2016,Ford,Flex
2016,Ford,Focus
2016,Ford,Fusion
2016,Ford,Fusion Energi
2016,Ford,Fusion Hybrid
2016,Ford,Mustang
2016,Ford,Taurus
2017,Ford,C-Max
2017,Ford,E-Series Cutaway
2017,Ford,Edge
2017,Ford,Escape
2017,Ford,Expedition
2017,Ford,Explorer
2017,Ford,F-150
2017,Ford,F-250 Super Duty
2017,Ford,F-350 Super Duty
2017,Ford,F-350 Super Duty Chassis Cab
2017,Ford,F-450 Super Duty
2017,Ford,F-450 Super Duty Chassis Cab
2017,Ford,Fiesta
2017,Ford,Flex
2017,Ford,Focus
2017,Ford,Fusion
2017,Ford,Fusion Energi
2017,Ford,Fusion Hybrid
2017,Ford,Mustang
2017,Ford,Taurus
2018,Ford,C-Max
2018,Ford,E-Series Cutaway
2018,Ford,EcoSport
2018,Ford,Edge
2018,Ford,Escape
2018,Ford,Expedition
2018,Ford,Explorer
2018,Ford,F-150
2018,Ford,F-250 Super Duty
2018,Ford,F-350 Super Duty
2018,Ford,F-350 Super Duty Chassis Cab
2018,Ford,F-450 Super Duty
2018,Ford,F-450 Super Duty Chassis Cab
2018,Ford,Fiesta
2018,Ford,Flex
2018,Ford,Focus
2018,Ford,Fusion
2018,Ford,Fusion Energi
2018,Ford,Fusion Hybrid
2018,Ford,Mustang
2019,Ford,E-Series Cutaway
2019,Ford,EcoSport
2019,Ford,Edge
2019,Ford,Escape
2019,Ford,Expedition
2019,Ford,Explorer
2019,Ford,F-150
2019,Ford,F-250 Super Duty
2019,Ford,F-350 Super Duty
2019,Ford,F-350 Super Duty Chassis Cab
2019,Ford,F-450 Super Duty
2019,Ford,F-450 Super Duty Chassis Cab
2019,Ford,F-550 Super Duty Chassis Cab
2019,Ford,Fiesta
2019,Ford,Flex
2019,Ford,Fusion
2019,Ford,Fusion Energi
2019,Ford,Fusion Hybrid
2019,Ford,Mustang
2019,Ford,Ranger
2020,Ford,EcoSport
2020,Ford,Edge
2020,Ford,Escape
2020,Ford,Expedition
2020,Ford,Explorer
2020,Ford,F-150
2020,Ford,F-250 Super Duty
2020,Ford,F-350 Super Duty
2020,Ford,F-350 Super Duty Chassis Cab
2020,Ford,F-450 Super Duty
2020,Ford,F-450 Super Duty Chassis Cab
2020,Ford,F-550 Super Duty Chassis Cab
2020,Ford,Fusion
2020,Ford,Fusion Energi
2020,Ford,Fusion Hybrid
2020,Ford,Mustang
2020,Ford,Ranger
2020,Ford,Transit Chassis Cab
2020,Ford,Transit Connect
2020,Ford,Transit Crew Van
2010,GMC,Acadia
2010,GMC,Canyon
2010,GMC,Savana
2010,GMC,Savana Cargo
2010,GMC,Sierra 1500
2010,GMC,Sierra 2500HD
2010,GMC,Sierra 3500
2010,GMC,Sierra 3500 Chassis Cab
2010,GMC,Sierra Denali
2010,GMC,Terrain
2010,GMC,Yukon
2010,GMC,Yukon XL
2011,GMC,Acadia
2011,GMC,Canyon
2011,GMC,Savana
2011,GMC,Savana Cargo
2011,GMC,Sierra 1500
2011,GMC,Sierra 2500HD
2011,GMC,Sierra 3500
2011,GMC,Sierra 3500 Chassis Cab
2011,GMC,Sierra Denali
2011,GMC,Terrain
2011,GMC,Yukon
2011,GMC,Yukon XL
2012,GMC,Acadia
2012,GMC,Canyon
2012,GMC,Savana
2012,GMC,Savana Cargo
2012,GMC,Sierra 1500
2012,GMC,Sierra 2500HD
2012,GMC,Sierra 3500
2012,GMC,Sierra 3500 Chassis Cab
2012,GMC,Sierra Denali
2012,GMC,Terrain
2012,GMC,Yukon
2012,GMC,Yukon XL
2014,GMC,Acadia
2014,GMC,Savana
2014,GMC,Savana Cargo
2014,GMC,Savana Cutaway
2014,GMC,Sierra 1500
2014,GMC,Sierra 2500HD
2014,GMC,Sierra 3500
2014,GMC,Sierra 3500 Chassis Cab
2014,GMC,Terrain
2014,GMC,Yukon
2014,GMC,Yukon XL
2015,GMC,Acadia
2015,GMC,Canyon
2015,GMC,Savana Cargo
2015,GMC,Savana Cutaway
2015,GMC,Savana Passenger
2015,GMC,Sierra 1500
2015,GMC,Sierra 1500 Denali
2015,GMC,Sierra 2500 Denali HD
2015,GMC,Sierra 2500HD
2015,GMC,Sierra 3500
2015,GMC,Sierra 3500 Chassis Cab
2015,GMC,Sierra 3500 Denali HD
2015,GMC,Terrain
2015,GMC,Yukon
2015,GMC,Yukon XL
2016,GMC,Acadia
2016,GMC,Canyon
2016,GMC,Savana Cargo
2016,GMC,Savana Cutaway
2016,GMC,Savana Passenger
2016,GMC,Sierra 1500
2016,GMC,Sierra 1500 Denali
2016,GMC,Sierra 2500 Denali HD
2016,GMC,Sierra 2500HD
2016,GMC,Sierra 3500 Chassis Cab
2016,GMC,Sierra 3500 Denali HD
2016,GMC,Sierra 3500HD
2016,GMC,Terrain
2016,GMC,Yukon
2016,GMC,Yukon XL
2018,GMC,Acadia
2018,GMC,Canyon
2018,GMC,Savana Cargo
2018,GMC,Savana Cutaway
2018,GMC,Savana Passenger
2018,GMC,Sierra 1500
2018,GMC,Sierra 1500 Denali
2018,GMC,Sierra 2500 Denali HD
2018,GMC,Sierra 2500HD
2018,GMC,Sierra 3500 Chassis Cab
2018,GMC,Sierra 3500 Denali HD
2018,GMC,Sierra 3500HD
2018,GMC,Terrain
2018,GMC,Yukon
2018,GMC,Yukon XL
2019,GMC,Acadia
2019,GMC,Canyon
2019,GMC,Savana Cargo
2019,GMC,Savana Cutaway
2019,GMC,Savana Passenger
2019,GMC,Sierra 1500
2019,GMC,Sierra 1500 Denali
2019,GMC,Sierra 1500 Limited
2019,GMC,Sierra 2500 Denali HD
2019,GMC,Sierra 2500HD
2019,GMC,Sierra 3500 Chassis Cab
2019,GMC,Sierra 3500 Denali HD
2019,GMC,Sierra 3500HD
2019,GMC,Terrain
2019,GMC,Yukon
2019,GMC,Yukon XL
2020,GMC,Acadia
2020,GMC,Canyon
2020,GMC,Savana Cargo
2020,GMC,Savana Cutaway
2020,GMC,Savana Passenger
2020,GMC,Sierra 1500
2020,GMC,Sierra 1500 Denali
2020,GMC,Sierra 2500 Denali HD
2020,GMC,Sierra 2500HD
2020,GMC,Sierra 3500 Chassis Cab; Sierra 3500HD
2020,GMC,Sierra 3500 Denali HD
2020,GMC,Sierra 3500HD
2020,GMC,Terrain
2020,GMC,Yukon
2020,GMC,Yukon XL
2010,Honda,Accord
2010,Honda,Accord Crosstour
2010,Honda,CR-V
2010,Honda,Civic
2010,Honda,Element
2010,Honda,Fit
2010,Honda,Insight
2010,Honda,Odyssey
2010,Honda,Pilot
2010,Honda,Ridgeline
2011,Honda,Accord
2011,Honda,Accord Crosstour
2011,Honda,CR-V
2011,Honda,CR-Z
2011,Honda,Civic
2011,Honda,Element
2011,Honda,FCX Clarity
2011,Honda,Fit
2011,Honda,Insight
2011,Honda,Odyssey
2011,Honda,Pilot
2011,Honda,Ridgeline
2013,Honda,Accord
2013,Honda,CR-V
2013,Honda,CR-Z
2013,Honda,Civic
2013,Honda,Crosstour
2013,Honda,Fit
2013,Honda,Insight
2013,Honda,Odyssey
2013,Honda,Pilot
2013,Honda,Ridgeline
2014,Honda,Accord
2014,Honda,CR-V
2014,Honda,CR-Z
2014,Honda,Civic
2014,Honda,Crosstour
2014,Honda,Fit
2014,Honda,Insight
2014,Honda,Odyssey
2014,Honda,Pilot
2014,Honda,Ridgeline
2016,Honda,Accord
2016,Honda,CR-V
2016,Honda,CR-Z
2016,Honda,Civic
2016,Honda,Fit
2016,Honda,HR-V
2016,Honda,Odyssey
2016,Honda,Pilot
2018,Honda,Accord
2018,Honda,CR-V
2018,Honda,Civic
2018,Honda,Civic Hatchback
2018,Honda,Clarity
2018,Honda,Fit
2018,Honda,HR-V
2018,Honda,Odyssey
2018,Honda,Pilot
2018,Honda,Ridgeline
2020,Honda,Accord
2020,Honda,CR-V
2020,Honda,Civic
2020,Honda,Civic Hatchback
2020,Honda,Clarity
2020,Honda,Fit
2020,Honda,HR-V
2020,Honda,Insight
2020,Honda,Odyssey
2020,Honda,Passport
2020,Honda,Pilot
2020,Honda,Ridgeline
2010,Hyundai,Accent
2010,Hyundai,Azera
2010,Hyundai,Elantra
2010,Hyundai,Elantra Touring
2010,Hyundai,Genesis
2010,Hyundai,Genesis Coupe
2010,Hyundai,Santa Fe
2010,Hyundai,Sonata
2010,Hyundai,Tucson
2010,Hyundai,Veracruz
2011,Hyundai,Accent
2011,Hyundai,Azera
2011,Hyundai,Elantra
2011,Hyundai,Elantra Touring
2011,Hyundai,Equus
2011,Hyundai,Genesis
2011,Hyundai,Genesis Coupe
2011,Hyundai,Santa Fe
2011,Hyundai,Sonata
2011,Hyundai,Sonata Hybrid
2011,Hyundai,Tucson
2011,Hyundai,Veracruz
2012,Hyundai,Accent
2012,Hyundai,Azera
2012,Hyundai,Elantra
2012,Hyundai,Elantra Touring
2012,Hyundai,Equus
2012,Hyundai,Genesis
2012,Hyundai,Genesis Coupe
2012,Hyundai,Santa Fe
2012,Hyundai,Sonata
2012,Hyundai,Sonata Hybrid
2012,Hyundai,Tucson
2012,Hyundai,Veloster
2012,Hyundai,Veracruz
2013,Hyundai,Accent
2013,Hyundai,Azera
2013,Hyundai,Elantra
2013,Hyundai,Elantra Coupe
2013,Hyundai,Elantra GT
2013,Hyundai,Equus
2013,Hyundai,Genesis
2013,Hyundai,Genesis Coupe
2013,Hyundai,Santa Fe
2013,Hyundai,Sonata
2013,Hyundai,Sonata Hybrid
2013,Hyundai,Tucson
2013,Hyundai,Veloster
2014,Hyundai,Accent
2014,Hyundai,Azera
2014,Hyundai,Elantra
2014,Hyundai,Elantra Coupe
2014,Hyundai,Elantra GT
2014,Hyundai,Equus
2014,Hyundai,Genesis
2014,Hyundai,Genesis Coupe
2014,Hyundai,Santa Fe
2014,Hyundai,Sonata
2014,Hyundai,Sonata Hybrid
2014,Hyundai,Tucson
2014,Hyundai,Veloster
2015,Hyundai,Accent
2015,Hyundai,Azera
2015,Hyundai,Elantra
2015,Hyundai,Elantra GT
2015,Hyundai,Equus
2015,Hyundai,Genesis
2015,Hyundai,Genesis Coupe
2015,Hyundai,Santa Fe
2015,Hyundai,Sonata
2015,Hyundai,Sonata Hybrid
2015,Hyundai,Tucson
2015,Hyundai,Veloster
2017,Hyundai,Accent
2017,Hyundai,Azera
2017,Hyundai,Elantra
2017,Hyundai,Elantra GT
2017,Hyundai,Ioniq
2017,Hyundai,Santa Fe
2017,Hyundai,Sonata
2017,Hyundai,Sonata Hybrid
2017,Hyundai,Sonata Plug-in Hybrid
2017,Hyundai,Tucson
2017,Hyundai,Veloster
2018,Hyundai,Accent
2018,Hyundai,Elantra
2018,Hyundai,Elantra GT
2018,Hyundai,Ioniq
2018,Hyundai,Kona
2018,Hyundai,Santa Fe
2018,Hyundai,Santa Fe Sport
2018,Hyundai,Sonata
2018,Hyundai,Sonata Hybrid
2018,Hyundai,Sonata Plug-in Hybrid
2018,Hyundai,Tucson
2010,Infiniti,EX
2010,Infiniti,FX
2010,Infiniti,G Convertible
2010,Infiniti,G Coupe
2010,Infiniti,G Sedan
2010,Infiniti,M
2010,Infiniti,QX
2012,Jeep,Compass
2012,Jeep,Grand Cherokee
2012,Jeep,Liberty
2012,Jeep,Patriot
2012,Jeep,Wrangler
2012,Jeep,Wrangler Unlimited
2013,Jeep,Compass
2013,Jeep,Grand Cherokee
2013,Jeep,Patriot
2013,Jeep,Wrangler
2013,Jeep,Wrangler Unlimited
2014,Jeep,Cherokee
2014,Jeep,Compass
2014,Jeep,Grand Cherokee
2014,Jeep,Patriot
2014,Jeep,Wrangler
2014,Jeep,Wrangler Unlimited
2018,Jeep,All-New Compass
2018,Jeep,All-New Compass; Compass
2018,Jeep,All-New Wrangler
2018,Jeep,All-New Wrangler Unlimited
2018,Jeep,Cherokee
2018,Jeep,Compass
2018,Jeep,Grand Cherokee
2018,Jeep,Renegade
2018,Jeep,Wrangler JK
2018,Jeep,Wrangler JK Unlimited
2019,Jeep,All-New Wrangler
2019,Jeep,All-New Wrangler Unlimited
2019,Jeep,Cherokee
2019,Jeep,Compass
2019,Jeep,Grand Cherokee
2019,Jeep,Renegade
2019,Jeep,Wrangler Unlimited
2020,Jeep,Cherokee
2020,Jeep,Compass
2020,Jeep,Gladiator
2020,Jeep,Grand Cherokee
2020,Jeep,Renegade
2020,Jeep,Wrangler
2020,Jeep,Wrangler Unlimited
2011,Kia,Forte
2011,Kia,Forte Koup
2011,Kia,Optima
2011,Kia,Rio
2011,Kia,Sedona
2011,Kia,Sorento
2011,Kia,Soul
2011,Kia,Sportage
2013,Kia,Forte
2013,Kia,Forte Koup
2013,Kia,Optima
2013,Kia,Rio
2013,Kia,Rio 5-Door
2013,Kia,Sorento
2013,Kia,Soul
2013,Kia,Sportage
2014,Kia,Cadenza
2014,Kia,Forte
2014,Kia,Forte Koup
2014,Kia,Forte5
2014,Kia,Optima
2014,Kia,Rio
2014,Kia,Rio 5-Door
2014,Kia,Sedona
2014,Kia,Sorento
2014,Kia,Soul
2014,Kia,Sportage
2015,Kia,Cadenza
2015,Kia,Forte
2015,Kia,Forte Koup
2015,Kia,Forte5
2015,Kia,K900
2015,Kia,Optima
2015,Kia,Rio
2015,Kia,Rio 5-Door
2015,Kia,Sedona
2015,Kia,Sorento
2015,Kia,Soul
2015,Kia,Sportage
2016,Kia,Cadenza
2016,Kia,Forte
2016,Kia,Forte Koup
2016,Kia,Forte5
2016,Kia,K900
2016,Kia,Optima
2016,Kia,Rio
2016,Kia,Rio 5-Door
2016,Kia,Sedona
2016,Kia,Sorento
2016,Kia,Soul
2016,Kia,Sportage
2017,Kia,Cadenza
2017,Kia,Forte
2017,Kia,Forte5
2017,Kia,K900
2017,Kia,Niro
2017,Kia,Optima
2017,Kia,Rio
2017,Kia,Rio 5-Door
2017,Kia,Sedona
2017,Kia,Sorento
2017,Kia,Soul
2017,Kia,Sportage
2018,Kia,Cadenza
2018,Kia,Forte
2018,Kia,Forte5
2018,Kia,Niro
2018,Kia,Optima
2018,Kia,Rio
2018,Kia,Rio 5-Door
2018,Kia,Sedona
2018,Kia,Sorento
2018,Kia,Soul
2018,Kia,Sportage
2018,Kia,Stinger
2010,Lexus,ES
2010,Lexus,GS
2010,Lexus,GX
2010,Lexus,HS
2010,Lexus,IS
2010,Lexus,LS
2010,Lexus,LX
2010,Lexus,RX
2010,Lexus,SC
2011,Lexus,CT
2011,Lexus,ES
2011,Lexus,GS
2011,Lexus,GX
2011,Lexus,HS
2011,Lexus,IS
2011,Lexus,LS
2011,Lexus,LX
2011,Lexus,RX
2012,Lexus,CT
2012,Lexus,ES
2012,Lexus,GX
2012,Lexus,HS
2012,Lexus,IS
2012,Lexus,LFA
2012,Lexus,LS
2012,Lexus,RX
2013,Lexus,CT
2013,Lexus,ES
2013,Lexus,GS
2013,Lexus,GX
2013,Lexus,IS
2013,Lexus,LS
2013,Lexus,LX
2013,Lexus,RX
2016,Lexus,CT
2016,Lexus,ES
2016,Lexus,GS
2016,Lexus,GX
2016,Lexus,IS
2016,Lexus,LS
2016,Lexus,LX
2016,Lexus,NX
2016,Lexus,RC
2016,Lexus,RX
2017,Lexus,CT
2017,Lexus,ES
2017,Lexus,GS
2017,Lexus,GX
2017,Lexus,IS
2017,Lexus,LS
2017,Lexus,LX
2017,Lexus,NX
2017,Lexus,RC
2017,Lexus,RX
2018,Lexus,ES
2018,Lexus,GS
2018,Lexus,GX
2018,Lexus,IS
2018,Lexus,LC
2018,Lexus,LS
2018,Lexus,LX
2018,Lexus,NX
2018,Lexus,RC
2018,Lexus,RX
2020,Lexus,ES
2020,Lexus,ES Hybrid
2020,Lexus,GS
2020,Lexus,GS F
2020,Lexus,GX
2020,Lexus,IS
2020,Lexus,LC
2020,Lexus,LC Hybrid
2020,Lexus,LS
2020,Lexus,LS Hybrid
2020,Lexus,LX
2020,Lexus,NX
2020,Lexus,NX Hybrid
2020,Lexus,RC
2020,Lexus,RC F
2020,Lexus,RX
2020,Lexus,RX Hybrid
2020,Lexus,UX
2020,Lexus,UX Hybrid
2010,Lincoln,MKS
2010,Lincoln,MKT
2010,Lincoln,MKX
2010,Lincoln,MKZ
2010,Lincoln,Navigator
2010,Lincoln,Town Car
2011,Lincoln,MKS
2011,Lincoln,MKT
2011,Lincoln,MKX
2011,Lincoln,MKZ
2011,Lincoln,Navigator
2011,Lincoln,Town Car
2013,Lincoln,MKS
2013,Lincoln,MKT
2013,Lincoln,MKX
2013,Lincoln,MKZ
2013,Lincoln,Navigator
2014,Lincoln,MKS
2014,Lincoln,MKT
2014,Lincoln,MKX
2014,Lincoln,MKZ
2014,Lincoln,Navigator
2015,Lincoln,MKC
2015,Lincoln,MKS
2015,Lincoln,MKT
2015,Lincoln,MKX
2015,Lincoln,MKZ
2015,Lincoln,Navigator
2016,Lincoln,MKC
2016,Lincoln,MKS
2016,Lincoln,MKT
2016,Lincoln,MKX
2016,Lincoln,MKZ
2016,Lincoln,Navigator
2017,Lincoln,Continental
2017,Lincoln,MKC
2017,Lincoln,MKT
2017,Lincoln,MKX
2017,Lincoln,MKZ
2017,Lincoln,Navigator
2018,Lincoln,Continental
2018,Lincoln,MKC
2018,Lincoln,MKT
2018,Lincoln,MKX
2018,Lincoln,MKZ
2018,Lincoln,Navigator
2019,Lincoln,Continental
2019,Lincoln,MKC
2019,Lincoln,MKT
2019,Lincoln,MKZ
2019,Lincoln,Nautilus
2019,Lincoln,Navigator
2011,Mazda,CX-7
2011,Mazda,CX-9
2011,Mazda,MAZDA3
2011,Mazda,MAZDA6
2011,Mazda,MX-5 Miata
2011,Mazda,Mazda2
2011,Mazda,RX-8
2011,Mazda,Tribute
2013,Mazda,CX-5
2013,Mazda,CX-9
2013,Mazda,MAZDA3
2013,Mazda,MAZDA5
2013,Mazda,MAZDA6
2013,Mazda,MX-5 Miata
2013,Mazda,Mazda2
2015,Mazda,CX-5
2015,Mazda,CX-9
2015,Mazda,MAZDA3
2015,Mazda,MAZDA5
2015,Mazda,MAZDA6
2015,Mazda,MX-5 Miata
2017,Mazda,CX-3
2017,Mazda,CX-5
2017,Mazda,CX-9
2017,Mazda,MAZDA6
2017,Mazda,MX-5 Miata
2017,Mazda,MX-5 Miata RF
2017,Mazda,Mazda3
2018,Mazda,CX-3
2018,Mazda,CX-5
2018,Mazda,CX-9
2018,Mazda,MAZDA6
2018,Mazda,MX-5 Miata
2018,Mazda,MX-5 Miata RF
2018,Mazda,Mazda3
2019,Mazda,CX-3
2019,Mazda,CX-5
2019,Mazda,CX-9
2019,Mazda,MAZDA6
2019,Mazda,MX-5 Miata
2019,Mazda,MX-5 Miata RF
2019,Mazda,Mazda3
2012,Nissan,370Z
2012,Nissan,Altima
2012,Nissan,Armada
2012,Nissan,Frontier
2012,Nissan,GT-R
2012,Nissan,JUKE
2012,Nissan,LEAF
2012,Nissan,Maxima
2012,Nissan,Murano
2012,Nissan,Murano CrossCabriolet
2012,Nissan,NV Cargo
2012,Nissan,NV Passenger
2012,Nissan,NV; NV Cargo
2012,Nissan,Pathfinder
2012,Nissan,Quest
2012,Nissan,Rogue
2012,Nissan,Sentra
2012,Nissan,Titan
2012,Nissan,Versa
2012,Nissan,Xterra
2013,Nissan,370Z
2013,Nissan,Altima Coupe
2013,Nissan,Altima Sedan
2013,Nissan,Armada
2013,Nissan,Frontier
2013,Nissan,GT-R
2013,Nissan,JUKE
2013,Nissan,LEAF
2013,Nissan,Maxima
2013,Nissan,Murano
2013,Nissan,Murano CrossCabriolet
2013,Nissan,NV
2013,Nissan,NV Cargo
2013,Nissan,NV Passenger
2013,Nissan,Pathfinder
2013,Nissan,Quest
2013,Nissan,Rogue
2013,Nissan,Sentra
2013,Nissan,Titan
2013,Nissan,Versa Sedan
2014,Nissan,370Z
2014,Nissan,Altima Sedan
2014,Nissan,Armada
2014,Nissan,Frontier
2014,Nissan,GT-R
2014,Nissan,JUKE
2014,Nissan,LEAF
2014,Nissan,Maxima
2014,Nissan,Murano
2014,Nissan,Murano CrossCabriolet
2014,Nissan,NV
2014,Nissan,NV Cargo
2014,Nissan,NV Passenger
2014,Nissan,Pathfinder
2014,Nissan,Pathfinder Hybrid
2014,Nissan,Quest
2014,Nissan,Rogue
2014,Nissan,Rogue Select
2014,Nissan,Sentra
2014,Nissan,Titan
2015,Nissan,370Z Coupe
2015,Nissan,370Z Roadster
2015,Nissan,Altima
2015,Nissan,Armada
2015,Nissan,Frontier
2015,Nissan,GT-R
2015,Nissan,JUKE
2015,Nissan,LEAF
2015,Nissan,Murano
2015,Nissan,NV Cargo
2015,Nissan,NV Passenger
2015,Nissan,NV200
2015,Nissan,Pathfinder
2015,Nissan,Quest
2015,Nissan,Rogue
2015,Nissan,Rogue Select
2015,Nissan,Sentra
2015,Nissan,Titan
2015,Nissan,Versa Note
2015,Nissan,Versa Sedan
2019,Nissan,370Z Coupe
2019,Nissan,370Z Roadster
2019,Nissan,Altima
2019,Nissan,Armada
2019,Nissan,Frontier
2019,Nissan,GT-R
2019,Nissan,Kicks
2019,Nissan,LEAF
2019,Nissan,Maxima
2019,Nissan,Murano
2019,Nissan,NV Cargo
2019,Nissan,NV Passenger
2019,Nissan,NV200
2019,Nissan,Pathfinder
2019,Nissan,Rogue
2019,Nissan,Rogue Sport
2019,Nissan,Sentra
2019,Nissan,Titan
2019,Nissan,Titan XD
2019,Nissan,Versa Note
2020,Nissan,370Z Coupe
2020,Nissan,Altima
2020,Nissan,Armada
2020,Nissan,GT-R
2020,Nissan,Kicks
2020,Nissan,LEAF
2020,Nissan,Maxima
2020,Nissan,Murano
2020,Nissan,NV Cargo
2020,Nissan,NV Passenger
2020,Nissan,NV200
2020,Nissan,Pathfinder
2020,Nissan,Rogue
2020,Nissan,Rogue Sport
2020,Nissan,Sentra
2020,Nissan,Titan
2020,Nissan,Versa Sedan
2011,RAM,Dakota
2011,RAM,Ram 1500 Pickup
2011,RAM,Ram 2500 Pickup
2011,RAM,Ram 3500 Cab Chassis
2011,RAM,Ram 3500 Pickup
2011,RAM,Ram 4500 Cab Chassis
2013,RAM,Ram 1500 Pickup
2013,RAM,Ram 2500 Pickup
2013,RAM,Ram 3500 Cab Chassis
2013,RAM,Ram 3500 Pickup
2013,RAM,Ram 4500 Cab Chassis
2013,RAM,Ram Cargo Van
2014,RAM,ProMaster Cab Chassis
2014,RAM,ProMaster Cargo Van
2014,RAM,ProMaster Cutaway
2014,RAM,ProMaster Window Van
2014,RAM,Ram 1500 Pickup
2014,RAM,Ram 2500 Pickup
2014,RAM,Ram 3500 Cab Chassis
2014,RAM,Ram 3500 Pickup
2014,RAM,Ram 4500 Cab Chassis
2014,RAM,Ram Cargo Van
2015,RAM,ProMaster Cab Chassis
2015,RAM,ProMaster Cargo Van
2015,RAM,ProMaster Cutaway
2015,RAM,ProMaster Window Van
2015,RAM,Promaster City
2015,RAM,Ram 1500 Pickup
2015,RAM,Ram 2500 Pickup
2015,RAM,Ram 3500 Chassis Cab
2015,RAM,Ram 3500 Pickup
2015,RAM,Ram 4500 Chassis Cab
2015,RAM,Ram Cargo Van
2016,RAM,ProMaster Cab Chassis
2016,RAM,ProMaster Cargo Van
2016,RAM,ProMaster Cutaway
2016,RAM,ProMaster Window Van
2016,RAM,Promaster City
2016,RAM,Ram 1500 Pickup
2016,RAM,Ram 2500 Pickup
2016,RAM,Ram 3500 Chassis Cab
2016,RAM,Ram 3500 Pickup
2016,RAM,Ram 4500 Chassis Cab
2018,RAM,ProMaster Cab Chassis
2018,RAM,ProMaster Cargo Van
2018,RAM,ProMaster Cutaway
2018,RAM,ProMaster Window Van
2018,RAM,Promaster City
2018,RAM,Ram 1500 Pickup
2018,RAM,Ram 2500 Pickup
2018,RAM,Ram 3500 Chassis Cab
2018,RAM,Ram 3500 Pickup
2018,RAM,Ram 4500 Chassis Cab
2019,RAM,ProMaster Cab Chassis
2019,RAM,ProMaster Cargo Van
2019,RAM,ProMaster Cutaway
2019,RAM,ProMaster Window Van
2019,RAM,Promaster City
2019,RAM,Ram 1500 Classic
2019,RAM,Ram 1500 Pickup
2019,RAM,Ram 2500 Pickup
2019,RAM,Ram 3500 Chassis Cab
2019,RAM,Ram 3500 Pickup
2019,RAM,Ram 4500 Chassis Cab
2019,RAM,Ram 5500 Chassis Cab
2010,Subaru,Forester
2010,Subaru,Impreza
2010,Subaru,Legacy
2010,Subaru,Outback
2010,Subaru,Tribeca
2011,Subaru,Forester
2011,Subaru,Impreza
2011,Subaru,Legacy
2011,Subaru,Outback
2011,Subaru,Tribeca
2014,Subaru,BRZ
2014,Subaru,Forester
2014,Subaru,Impreza
2014,Subaru,Legacy
2014,Subaru,Outback
2014,Subaru,Tribeca
2014,Subaru,XV Crosstrek
2018,Subaru,BRZ
2018,Subaru,Crosstrek
2018,Subaru,Forester
2018,Subaru,Impreza
2018,Subaru,Legacy
2018,Subaru,Outback
2018,Subaru,WRX
2018,Subaru,WRX STI
2019,Subaru,Ascent
2019,Subaru,BRZ
2019,Subaru,Crosstrek
2019,Subaru,Forester
2019,Subaru,Impreza
2019,Subaru,Legacy
2019,Subaru,Outback
2019,Subaru,WRX
2019,Subaru,WRX STI
2011,Toyota,4Runner
2011,Toyota,Avalon
2011,Toyota,Camry
2011,Toyota,Corolla
2011,Toyota,FJ Cruiser
2011,Toyota,Highlander
2011,Toyota,Land Cruiser
2011,Toyota,Matrix
2011,Toyota,Prius
2011,Toyota,RAV4
2011,Toyota,Sequoia
2011,Toyota,Sienna
2011,Toyota,Tacoma
2011,Toyota,Tundra
2011,Toyota,Venza
2011,Toyota,Yaris
2015,Toyota,4Runner
2015,Toyota,Avalon
2015,Toyota,Camry
2015,Toyota,Corolla
2015,Toyota,Highlander
2015,Toyota,Land Cruiser
2015,Toyota,Prius
2015,Toyota,Prius Plug-In
2015,Toyota,Prius c
2015,Toyota,Prius v
2015,Toyota,RAV4
2015,Toyota,Sequoia
2015,Toyota,Sienna
2015,Toyota,Tacoma
2015,Toyota,Tundra
2015,Toyota,Venza
2015,Toyota,Yaris
2017,Toyota,4Runner
2017,Toyota,86
2017,Toyota,Avalon
2017,Toyota,Camry
2017,Toyota,Corolla
2017,Toyota,Corolla iM
2017,Toyota,Highlander
2017,Toyota,Land Cruiser
2017,Toyota,Mirai
2017,Toyota,Prius
2017,Toyota,Prius Prime
2017,Toyota,Prius c
2017,Toyota,Prius v
2017,Toyota,RAV4
2017,Toyota,Sequoia
2017,Toyota,Sienna
2017,Toyota,Tacoma
2017,Toyota,Tundra
2017,Toyota,Yaris
2017,Toyota,Yaris iA
2018,Toyota,4Runner
2018,Toyota,86
2018,Toyota,Avalon
2018,Toyota,C-HR
2018,Toyota,Camry
2018,Toyota,Corolla
2018,Toyota,Corolla iM
2018,Toyota,Highlander
2018,Toyota,Land Cruiser
2018,Toyota,Mirai
2018,Toyota,Prius
2018,Toyota,Prius Prime
2018,Toyota,Prius c
2018,Toyota,RAV4
2018,Toyota,Sequoia
2018,Toyota,Sienna
2018,Toyota,Tacoma
2018,Toyota,Tundra
2018,Toyota,Yaris
2018,Toyota,Yaris iA
2019,Toyota,4Runner
2019,Toyota,86
2019,Toyota,Avalon
2019,Toyota,C-HR
2019,Toyota,Camry
2019,Toyota,Corolla
2019,Toyota,Corolla Hatchback
2019,Toyota,Highlander
2019,Toyota,Land Cruiser
2019,Toyota,Mirai
2019,Toyota,Prius
2019,Toyota,Prius Prime
2019,Toyota,Prius c
2019,Toyota,RAV4
2019,Toyota,Sequoia
2019,Toyota,Sienna
2019,Toyota,Tacoma
2019,Toyota,Tundra
2019,Toyota,Yaris
2020,Toyota,4Runner
2020,Toyota,86
2020,Toyota,Avalon
2020,Toyota,C-HR
2020,Toyota,Camry
2020,Toyota,Corolla
2020,Toyota,Corolla Hatchback
2020,Toyota,Highlander
2020,Toyota,Land Cruiser
2020,Toyota,Prius
2020,Toyota,Prius Prime
2020,Toyota,RAV4
2020,Toyota,Sequoia
2020,Toyota,Sienna
2020,Toyota,Supra
2020,Toyota,Tacoma
2020,Toyota,Tundra
2020,Toyota,Yaris
2010,Volkswagen,CC
2010,Volkswagen,Eos
2010,Volkswagen,GTI
2010,Volkswagen,Golf
2010,Volkswagen,Jetta
2010,Volkswagen,Jetta SportWagen
2010,Volkswagen,New Beetle
2010,Volkswagen,Passat
2010,Volkswagen,Routan
2010,Volkswagen,Tiguan
2010,Volkswagen,Touareg 2
2011,Volkswagen,CC
2011,Volkswagen,Eos
2011,Volkswagen,GTI
2011,Volkswagen,Golf
2011,Volkswagen,Golf; Jetta
2011,Volkswagen,Jetta
2011,Volkswagen,Jetta SportWagen
2011,Volkswagen,Routan
2011,Volkswagen,Tiguan
2011,Volkswagen,Touareg 2
2012,Volkswagen,Beetle
2012,Volkswagen,CC
2012,Volkswagen,Eos
2012,Volkswagen,GTI
2012,Volkswagen,Golf
2012,Volkswagen,Jetta
2012,Volkswagen,Jetta SportWagen
2012,Volkswagen,Passat
2012,Volkswagen,Routan
2012,Volkswagen,Tiguan
2012,Volkswagen,Touareg 2
2013,Volkswagen,Beetle
2013,Volkswagen,CC
2013,Volkswagen,Eos
2013,Volkswagen,GTI
2013,Volkswagen,Golf
2013,Volkswagen,Jetta
2013,Volkswagen,Jetta SportWagen
2013,Volkswagen,Passat
2013,Volkswagen,Routan
2013,Volkswagen,Tiguan
2013,Volkswagen,Touareg 2
2014,Volkswagen,Beetle
2014,Volkswagen,CC
2014,Volkswagen,Eos
2014,Volkswagen,GTI
2014,Volkswagen,Golf
2014,Volkswagen,Jetta
2014,Volkswagen,Jetta SportWagen
2014,Volkswagen,Passat
2014,Volkswagen,Tiguan
2014,Volkswagen,Touareg
2018,Volkswagen,Atlas
2018,Volkswagen,Beetle
2018,Volkswagen,Golf
2018,Volkswagen,Golf Alltrack
2018,Volkswagen,Golf GTI
2018,Volkswagen,Golf R
2018,Volkswagen,Golf SportWagen
2018,Volkswagen,Jetta
2018,Volkswagen,Passat
2018,Volkswagen,Tiguan
2018,Volkswagen,Tiguan Limited
2018,Volkswagen,e-Golf
2019,Volkswagen,Arteon
2019,Volkswagen,Atlas
2019,Volkswagen,Beetle
2019,Volkswagen,Golf
2019,Volkswagen,Golf Alltrack
2019,Volkswagen,Golf GTI
2019,Volkswagen,Golf R
2019,Volkswagen,Golf SportWagen
2019,Volkswagen,Jetta
2019,Volkswagen,Passat
2019,Volkswagen,Tiguan
2019,Volkswagen,e-Golf
2020,Volkswagen,Atlas
2020,Volkswagen,Atlas Cross Sport
2020,Volkswagen,Golf
2020,Volkswagen,Golf GTI
2020,Volkswagen,Jetta
2020,Volkswagen,Passat
2020,Volkswagen,Tiguan
2010,Volvo,C30
2010,Volvo,C70
2010,Volvo,S40
2010,Volvo,S80
2010,Volvo,V50
2010,Volvo,V70
2010,Volvo,XC60
2010,Volvo,XC70
2010,Volvo,XC90
2011,Volvo,C30
2011,Volvo,C70
2011,Volvo,S40
2011,Volvo,S60
2011,Volvo,S80
2011,Volvo,V50
2011,Volvo,XC60
2011,Volvo,XC70
2011,Volvo,XC90
2012,Volvo,C30
2012,Volvo,C70
2012,Volvo,S60
2012,Volvo,S80
2012,Volvo,XC60
2012,Volvo,XC70
2012,Volvo,XC90
2013,Volvo,C30
2013,Volvo,C70
2013,Volvo,S60
2013,Volvo,S80
2013,Volvo,XC60
2013,Volvo,XC70
2013,Volvo,XC90
2014,Volvo,S60
2014,Volvo,S80
2014,Volvo,XC60
2014,Volvo,XC70
2014,Volvo,XC90
2015,Volvo,S60
2015,Volvo,S80
2015,Volvo,V60
2015,Volvo,XC60
2015,Volvo,XC70
2016,Volvo,S60
2016,Volvo,S80
2016,Volvo,V60
2016,Volvo,XC60
2016,Volvo,XC70
2016,Volvo,XC90
2017,Volvo,S60
2017,Volvo,S90
2017,Volvo,V60
2017,Volvo,V90 Cross Country
2017,Volvo,XC60
2017,Volvo,XC90
2019,Volvo,S60
2019,Volvo,S90
2019,Volvo,V60
2019,Volvo,V90
2019,Volvo,V90 Cross Country
2019,Volvo,XC40
2019,Volvo,XC60
2019,Volvo,XC90
2020,Volvo,S60
2020,Volvo,S90
2020,Volvo,V60
2020,Volvo,V60 Cross Country
2020,Volvo,V90
2020,Volvo,V90 Cross Country
2020,Volvo,XC40
2020,Volvo,XC60
2020,Volvo,XC90
2011,Acura,MDX
2011,Acura,RDX
2011,Acura,RL
2011,Acura,TL
2011,Acura,TSX
2011,Acura,ZDX
2012,Acura,MDX
2012,Acura,RDX
2012,Acura,RL
2012,Acura,TL
2012,Acura,TSX
2012,Acura,ZDX
2013,Acura,ILX
2013,Acura,MDX
2013,Acura,RDX
2013,Acura,TL
2013,Acura,TSX
2013,Acura,ZDX
2014,Acura,ILX
2014,Acura,MDX
2014,Acura,RDX
2014,Acura,RLX
2014,Acura,TL
2014,Acura,TSX
2015,Acura,ILX
2015,Acura,MDX
2015,Acura,RDX
2015,Acura,RLX
2015,Acura,TLX
2019,Acura,ILX
2019,Acura,MDX
2019,Acura,NSX
2019,Acura,RDX
2019,Acura,RLX
2019,Acura,TLX
